[
  { "id": "andhra_pradesh", "name": "Andhra Pradesh", "capital": "Amaravati", "type": "State" },
  { "id": "arunachal_pradesh", "name": "Arunachal Pradesh", "capital": "Itanagar", "type": "State" },
  { "id": "assam", "name": "Assam", "capital": "Dispur", "type": "State" },
  { "id": "bihar", "name": "Bihar", "capital": "Patna", "type": "State" },
  { "id": "chhattisgarh", "name": "Chhattisgarh", "capital": "Raipur", "type": "State" },
  { "id": "goa", "name": "Goa", "capital": "Panaji", "type": "State" },
  { "id": "gujarat", "name": "Gujarat", "capital": "Gandhinagar", "type": "State" },
  { "id": "haryana", "name": "Haryana", "capital": "Chandigarh", "type": "State" },
  { "id": "himachal_pradesh", "name": "Himachal Pradesh", "capital": "Shimla", "type": "State" },
  { "id": "jharkhand", "name": "Jharkhand", "capital": "Ranchi", "type": "State" },
  { "id": "karnataka", "name": "Karnataka", "capital": "Bengaluru", "type": "State" },
  { "id": "kerala", "name": "Kerala", "capital": "Thiruvananthapuram", "type": "State" },
  { "id": "madhya_pradesh", "name": "Madhya Pradesh", "capital": "Bhopal", "type": "State" },
  { "id": "maharashtra", "name": "Maharashtra", "capital": "Mumbai", "type": "State" },
  { "id": "manipur", "name": "Manipur", "capital": "Imphal", "type": "State" },
  { "id": "meghalaya", "name": "Meghalaya", "capital": "Shillong", "type": "State" },
  { "id": "mizoram", "name": "Mizoram", "capital": "Aizawl", "type": "State" },
  { "id": "nagaland", "name": "Nagaland", "capital": "Kohima", "type": "State" },
  { "id": "odisha", "name": "Odisha", "capital": "Bhubaneswar", "type": "State" },
  { "id": "punjab", "name": "Punjab", "capital": "Chandigarh", "type": "State" },
  { "id": "rajasthan", "name": "Rajasthan", "capital": "Jaipur", "type": "State" },
  { "id": "sikkim", "name": "Sikkim", "capital": "Gangtok", "type": "State" },
  { "id": "tamil_nadu", "name": "Tamil Nadu", "capital": "Chennai", "type": "State" },
  { "id": "telangana", "name": "Telangana", "capital": "Hyderabad", "type": "State" },
  { "id": "tripura", "name": "Tripura", "capital": "Agartala", "type": "State" },
  { "id": "uttar_pradesh", "name": "Uttar Pradesh", "capital": "Lucknow", "type": "State" },
  { "id": "uttarakhand", "name": "Uttarakhand", "capital": "Dehradun", "type": "State" },
  { "id": "west_bengal", "name": "West Bengal", "capital": "Kolkata", "type": "State" },

  { "id": "andaman_and_nicobar_islands", "name": "Andaman and Nicobar Islands", "capital": "Port Blair", "type": "Union Territory" },
  { "id": "chandigarh", "name": "Chandigarh", "capital": "Chandigarh", "type": "Union Territory" },
  { "id": "dadra_and_nagar_haveli_and_daman_and_diu", "name": "Dadra and Nagar Haveli and Daman and Diu", "capital": "Daman", "type": "Union Territory" },
  { "id": "delhi", "name": "Delhi", "capital": "New Delhi", "type": "Union Territory" },
  { "id": "jammu_and_kashmir", "name": "Jammu and Kashmir", "capital": "Srinagar (Summer), Jammu (Winter)", "type": "Union Territory" },
  { "id": "ladakh", "name": "Ladakh", "capital": "Leh", "type": "Union Territory" },
  { "id": "lakshadweep", "name": "Lakshadweep", "capital": "Kavaratti", "type": "Union Territory" },
  { "id": "puducherry", "name": "Puducherry", "capital": "Puducherry", "type": "Union Territory" }
]